edges_version;location_convBoundary;location_netOffset;location_origBoundary;location_projParameter;edge_from;edge_id;edge_length;edge_numLanes;edge_priority;edge_speed;edge_to;edge_shape;edge_spreadType;edge_disallow;edge_name;edge_type;lane_index;param_key;param_value
1.20;8628.46,930.16,11243.17,2012.33;-450011.54,-4996025.65;-93.635696,45.109217,-93.481704,45.152564;+proj=utm +zone=15 +ellps=WGS84 +datum=WGS84 +units=m +no_defs;;;;;;;;;;;;;;;
1.20;;;;;ncr101_du_1;CR101_DU_1;400.00;1;-1;22.35;ncr101_du_2;;;;;;;;
1.20;;;;;ncr101_du_2;CR101_DU_2;95.00;2;-1;22.35;ncr101_du_3;8930.94,1518.79 8930.99,1522.38 8931.39,1581.37;center;;;;;;
1.20;;;;;ncr101_du_3;CR101_DU_3;26.00;2;-1;22.35;i_cr30_101;8931.39,1581.37 8932.09,1615.39;center;;;;;;
1.20;;;;;ncr101_du_3;CR101_DU_3R;;1;-1;22.35;ncr30_lr_3;8931.39,1581.37 8934.46,1588.53 8937.46,1597.78 8940.23,1605.05 8943.50,1610.35 8947.17,1614.17 8952.02,1616.54 8959.24,1617.70;;;;;;;
1.20;;;;;i_cr30_101;CR101_DU_4;50.00;1;-1;22.35;ncr101_du_4;8931.08,1621.05 8931.61,1627.91 8931.92,1667.77 8932.54,1684.20;;;;;;;
1.20;;;;;ncr101_du_4;CR101_DU_5;450.00;1;-1;22.35;ncr101_du_5;8932.54,1684.20 8933.81,1753.52 8933.41,1912.28;;;;;;;
1.20;;;;;ncr101_ud_1;CR101_UD_1;400.00;1;-1;22.35;ncr101_ud_2;;;;;;;;
1.20;;;;;ncr101_ud_2;CR101_UD_2;100.00;2;-1;22.35;i_cr30_101;8927.62,1718.64 8927.15,1703.01 8927.43,1627.78;center;;;;;;
1.20;;;;;i_cr30_101;CR101_UD_3;500.00;1;-1;22.35;ncr101_ud_3;8931.08,1621.05 8927.70,1615.23 8925.87,1326.31;;;;;;;
1.20;;;;;ncr30_lr_1;CR30_LR_1;400.00;1;-1;22.35;ncr30_lr_2;;;;;;;;
1.20;;;;;ncr30_lr_8;CR30_LR_10;;2;11;22.35;ncr30_lr_9;;center;tram rail_urban rail rail_electric rail_fast ship cable_car subway;County Road 30;highway.secondary;0;origId;6033582
1.20;;;;;ncr30_lr_8;CR30_LR_10;;2;11;22.35;ncr30_lr_9;;center;tram rail_urban rail rail_electric rail_fast ship cable_car subway;County Road 30;highway.secondary;1;origId;6033582
1.20;;;;;gneJ1;CR30_LR_10from9;170.00;2;11;22.35;ncr30_lr_8;9790.66,1604.97 9802.97,1602.97 9826.84,1595.34 9852.08,1584.49 9874.89,1572.99 9886.19,1566.15 9922.68,1544.07 9970.11,1514.36;center;tram rail_urban rail rail_electric rail_fast ship cable_car subway;County Road 30;highway.secondary;0;origId;6033582
1.20;;;;;gneJ1;CR30_LR_10from9;170.00;2;11;22.35;ncr30_lr_8;9790.66,1604.97 9802.97,1602.97 9826.84,1595.34 9852.08,1584.49 9874.89,1572.99 9886.19,1566.15 9922.68,1544.07 9970.11,1514.36;center;tram rail_urban rail rail_electric rail_fast ship cable_car subway;County Road 30;highway.secondary;1;origId;6033582
1.20;;;;;ncr30_lr_9;CR30_LR_11;100.00;3;11;22.35;i_cr30_pln;10025.14,1479.41 10114.79,1423.34;center;tram rail_urban rail rail_electric rail_fast ship cable_car subway;County Road 30;highway.secondary;0;origId;6033582
1.20;;;;;ncr30_lr_9;CR30_LR_11;100.00;3;11;22.35;i_cr30_pln;10025.14,1479.41 10114.79,1423.34;center;tram rail_urban rail rail_electric rail_fast ship cable_car subway;County Road 30;highway.secondary;1;origId;6033582
1.20;;;;;ncr30_lr_9;CR30_LR_11;100.00;3;11;22.35;i_cr30_pln;10025.14,1479.41 10114.79,1423.34;center;tram rail_urban rail rail_electric rail_fast ship cable_car subway;County Road 30;highway.secondary;2;origId;6033582
1.20;;;;;i_cr30_pln;CR30_LR_12;305.27;2;11;22.35;ncr30_lr_10;10118.48,1423.17 10124.45,1419.56 10166.53,1394.61 10238.89,1350.42 10395.17,1256.59;center;tram rail_urban rail rail_electric rail_fast ship cable_car subway;County Road 30;highway.secondary;0;origId;756857198
1.20;;;;;i_cr30_pln;CR30_LR_12;305.27;2;11;22.35;ncr30_lr_10;10118.48,1423.17 10124.45,1419.56 10166.53,1394.61 10238.89,1350.42 10395.17,1256.59;center;tram rail_urban rail rail_electric rail_fast ship cable_car subway;County Road 30;highway.secondary;1;origId;756857198
1.20;;;;;ncr30_lr_10;CR30_LR_13;100.00;4;11;22.35;i_cr30_lln;10395.17,1256.59 10417.25,1241.50 10449.37,1221.05 10485.81,1197.84;center;tram rail_urban rail rail_electric rail_fast ship cable_car subway;County Road 30;highway.secondary;0;origId;756857198
1.20;;;;;ncr30_lr_10;CR30_LR_13;100.00;4;11;22.35;i_cr30_lln;10395.17,1256.59 10417.25,1241.50 10449.37,1221.05 10485.81,1197.84;center;tram rail_urban rail rail_electric rail_fast ship cable_car subway;County Road 30;highway.secondary;1;origId;756857198
1.20;;;;;ncr30_lr_10;CR30_LR_13;100.00;4;11;22.35;i_cr30_lln;10395.17,1256.59 10417.25,1241.50 10449.37,1221.05 10485.81,1197.84;center;tram rail_urban rail rail_electric rail_fast ship cable_car subway;County Road 30;highway.secondary;2;origId;756857198
1.20;;;;;ncr30_lr_10;CR30_LR_13;100.00;4;11;22.35;i_cr30_lln;10395.17,1256.59 10417.25,1241.50 10449.37,1221.05 10485.81,1197.84;center;tram rail_urban rail rail_electric rail_fast ship cable_car subway;County Road 30;highway.secondary;3;origId;756857198
1.20;;;;;i_cr30_lln;CR30_LR_14;200.00;2;11;20.12;gneJ4;10503.72,1190.95 10525.16,1180.18 10545.81,1171.43 10563.68,1163.61 10583.13,1157.54 10609.19,1150.70 10632.87,1146.13 10656.46,1143.97 10678.97,1142.54 10697.92,1142.53 10719.32,1144.24;center;tram rail_urban rail rail_electric rail_fast ship cable_car subway;County Road 30;highway.secondary;0;origId;756857198
1.20;;;;;i_cr30_lln;CR30_LR_14;200.00;2;11;20.12;gneJ4;10503.72,1190.95 10525.16,1180.18 10545.81,1171.43 10563.68,1163.61 10583.13,1157.54 10609.19,1150.70 10632.87,1146.13 10656.46,1143.97 10678.97,1142.54 10697.92,1142.53 10719.32,1144.24;center;tram rail_urban rail rail_electric rail_fast ship cable_car subway;County Road 30;highway.secondary;1;origId;756857198
1.20;;;;;ncr30_lr_11;CR30_LR_15;100.00;4;11;20.12;i_cr30_gln;10890.81,1184.41 10897.37,1185.69 10920.97,1188.70 10939.96,1188.83 10969.65,1188.23 10997.62,1187.79 11011.21,1187.03;center;tram rail_urban rail rail_electric rail_fast ship cable_car subway;County Road 30;highway.secondary;0;origId;756857198
1.20;;;;;ncr30_lr_11;CR30_LR_15;100.00;4;11;20.12;i_cr30_gln;10890.81,1184.41 10897.37,1185.69 10920.97,1188.70 10939.96,1188.83 10969.65,1188.23 10997.62,1187.79 11011.21,1187.03;center;tram rail_urban rail rail_electric rail_fast ship cable_car subway;County Road 30;highway.secondary;1;origId;756857198
1.20;;;;;ncr30_lr_11;CR30_LR_15;100.00;4;11;20.12;i_cr30_gln;10890.81,1184.41 10897.37,1185.69 10920.97,1188.70 10939.96,1188.83 10969.65,1188.23 10997.62,1187.79 11011.21,1187.03;center;tram rail_urban rail rail_electric rail_fast ship cable_car subway;County Road 30;highway.secondary;2;origId;756857198
1.20;;;;;ncr30_lr_11;CR30_LR_15;100.00;4;11;20.12;i_cr30_gln;10890.81,1184.41 10897.37,1185.69 10920.97,1188.70 10939.96,1188.83 10969.65,1188.23 10997.62,1187.79 11011.21,1187.03;center;tram rail_urban rail rail_electric rail_fast ship cable_car subway;County Road 30;highway.secondary;3;origId;756857198
1.20;;;;;gneJ4;CR30_LR_15from14;250.00;2;11;20.12;ncr30_lr_11;10719.32,1144.24 10739.65,1146.02 10751.89,1147.95 10759.15,1149.10 10788.93,1156.32 10818.91,1165.55 10837.24,1173.65 10842.49,1174.81 10859.17,1178.51 10866.61,1179.85 10877.46,1181.80 10884.75,1183.22 10890.81,1184.41;center;tram rail_urban rail rail_electric rail_fast ship cable_car subway;County Road 30;highway.secondary;0;origId;756857198
1.20;;;;;gneJ4;CR30_LR_15from14;250.00;2;11;20.12;ncr30_lr_11;10719.32,1144.24 10739.65,1146.02 10751.89,1147.95 10759.15,1149.10 10788.93,1156.32 10818.91,1165.55 10837.24,1173.65 10842.49,1174.81 10859.17,1178.51 10866.61,1179.85 10877.46,1181.80 10884.75,1183.22 10890.81,1184.41;center;tram rail_urban rail rail_electric rail_fast ship cable_car subway;County Road 30;highway.secondary;1;origId;756857198
1.20;;;;;i_cr30_gln;CR30_LR_16;180.00;2;11;17.88;ncr30_lr_12;11031.13,1186.99 11098.55,1186.02 11241.85,1182.74;center;tram rail_urban rail rail_electric rail_fast ship cable_car subway;County Road 30;highway.secondary;0;origId;756857198
1.20;;;;;i_cr30_gln;CR30_LR_16;180.00;2;11;17.88;ncr30_lr_12;11031.13,1186.99 11098.55,1186.02 11241.85,1182.74;center;tram rail_urban rail rail_electric rail_fast ship cable_car subway;County Road 30;highway.secondary;1;origId;756857198
1.20;;;;;ncr30_lr_2;CR30_LR_2;100.00;2;-1;22.35;i_cr30_101;8844.18,1618.61 8924.39,1618.64;center;;;;;;
1.20;;;;;i_cr30_101;CR30_LR_3;25.00;1;-1;22.35;ncr30_lr_3;8936.45,1617.62 8959.24,1617.70;center;;;;;;
1.20;;;;;ncr30_lr_3;CR30_LR_4;165.00;2;-1;22.35;ncr30_lr_4;8959.24,1617.70 9119.17,1615.26 9126.30,1615.25;center;;;;0;;
1.20;;;;;ncr30_lr_3;CR30_LR_4;165.00;2;-1;22.35;ncr30_lr_4;8959.24,1617.70 9119.17,1615.26 9126.30,1615.25;center;;;;1;;
1.20;;;;;ncr30_lr_4;CR30_LR_5;60.00;2;-1;22.35;ncr30_lr_5;9126.30,1615.25 9142.67,1614.71 9185.36,1614.11;center;;;;;;
1.20;;;;;ncr30_lr_5;CR30_LR_6;100.00;3;-1;22.35;ncr30_lr_6;9185.36,1614.11 9293.83,1614.28;center;;;;;;
1.20;;;;;ncr30_lr_6;CR30_LR_7;180.00;2;-1;22.35;ncr30_lr_7;9298.26,1614.96 9465.79,1615.12 9484.97,1615.47;center;;;;;;
1.20;;;;;ncr30_lr_7;CR30_LR_8;100.00;3;11;22.35;i_cr30_tln;9484.97,1615.47 9510.40,1615.56 9584.65,1614.69;center;tram rail_urban rail rail_electric rail_fast ship cable_car subway;County Road 30;highway.secondary;0;origId;6033582
1.20;;;;;ncr30_lr_7;CR30_LR_8;100.00;3;11;22.35;i_cr30_tln;9484.97,1615.47 9510.40,1615.56 9584.65,1614.69;center;tram rail_urban rail rail_electric rail_fast ship cable_car subway;County Road 30;highway.secondary;1;origId;6033582
1.20;;;;;ncr30_lr_7;CR30_LR_8;100.00;3;11;22.35;i_cr30_tln;9484.97,1615.47 9510.40,1615.56 9584.65,1614.69;center;tram rail_urban rail rail_electric rail_fast ship cable_car subway;County Road 30;highway.secondary;2;origId;6033582
1.20;;;;;i_cr30_tln;CR30_LR_9;224.00;2;11;22.35;gneJ1;9592.83,1613.14 9688.87,1610.02 9726.36,1609.20 9750.95,1608.16 9778.19,1606.99 9790.66,1604.97;center;tram rail_urban rail rail_electric rail_fast ship cable_car subway;County Road 30;highway.secondary;0;origId;6033582
1.20;;;;;i_cr30_tln;CR30_LR_9;224.00;2;11;22.35;gneJ1;9592.83,1613.14 9688.87,1610.02 9726.36,1609.20 9750.95,1608.16 9778.19,1606.99 9790.66,1604.97;center;tram rail_urban rail rail_electric rail_fast ship cable_car subway;County Road 30;highway.secondary;1;origId;6033582
1.20;;;;;ncr30_rl_1;CR30_RL_1;;2;-1;17.88;ncr30_rl_2;11243.17,1195.58 11171.30,1196.73 11155.45,1197.43;center;;;;;;
1.20;;;;;ncr30_rl_6;CR30_RL_10;100.00;3;11;22.35;ncr30_rl_7;9404.75,1623.19 9315.88,1623.15 9310.55,1623.28;center;tram rail_urban rail rail_electric rail_fast ship cable_car subway;County Road 30;highway.secondary;0;origId;756857197
1.20;;;;;ncr30_rl_6;CR30_RL_10;100.00;3;11;22.35;ncr30_rl_7;9404.75,1623.19 9315.88,1623.15 9310.55,1623.28;center;tram rail_urban rail rail_electric rail_fast ship cable_car subway;County Road 30;highway.secondary;1;origId;756857197
1.20;;;;;ncr30_rl_6;CR30_RL_10;100.00;3;11;22.35;ncr30_rl_7;9404.75,1623.19 9315.88,1623.15 9310.55,1623.28;center;tram rail_urban rail rail_electric rail_fast ship cable_car subway;County Road 30;highway.secondary;2;origId;756857197
1.20;;;;;ncr30_rl_7;CR30_RL_11;80.00;2;11;22.35;ncr30_rl_8;9310.55,1623.28 9306.65,1624.75 9246.46,1624.54;center;tram rail_urban rail rail_electric rail_fast ship cable_car subway;County Road 30;highway.secondary;0;origId;756857197
1.20;;;;;ncr30_rl_7;CR30_RL_11;80.00;2;11;22.35;ncr30_rl_8;9310.55,1623.28 9306.65,1624.75 9246.46,1624.54;center;tram rail_urban rail rail_electric rail_fast ship cable_car subway;County Road 30;highway.secondary;1;origId;756857197
1.20;;;;;ncr30_rl_8;CR30_RL_12;80.00;3;11;22.35;ncr30_rl_9;9246.46,1624.54 9141.95,1626.61;center;tram rail_urban rail rail_electric rail_fast ship cable_car subway;County Road 30;highway.secondary;0;origId;756857197
1.20;;;;;ncr30_rl_8;CR30_RL_12;80.00;3;11;22.35;ncr30_rl_9;9246.46,1624.54 9141.95,1626.61;center;tram rail_urban rail rail_electric rail_fast ship cable_car subway;County Road 30;highway.secondary;1;origId;756857197
1.20;;;;;ncr30_rl_8;CR30_RL_12;80.00;3;11;22.35;ncr30_rl_9;9246.46,1624.54 9141.95,1626.61;center;tram rail_urban rail rail_electric rail_fast ship cable_car subway;County Road 30;highway.secondary;2;origId;756857197
1.20;;;;;ncr30_rl_9;CR30_RL_13;65.00;2;11;22.35;ncr30_rl_11;9142.16,1626.68 9134.70,1626.58 9128.22,1626.71 9077.46,1626.98 9057.49,1626.67;center;;County Road 30;;0;origId;756857197
1.20;;;;;ncr30_rl_9;CR30_RL_13;65.00;2;11;22.35;ncr30_rl_11;9142.16,1626.68 9134.70,1626.58 9128.22,1626.71 9077.46,1626.98 9057.49,1626.67;center;;County Road 30;;1;origId;756857197
1.20;;;;;ncr30_rl_11;CR30_RL_14;50.00;1;-1;22.35;gneJ9;9057.49,1626.67 9037.48,1625.58 9011.87,1624.83;center;;;;;;
1.20;;;;;gneJ9;CR30_RL_15;85.00;2;-1;22.35;i_cr30_101;9011.87,1624.83 8965.18,1625.28 8936.02,1624.64;center;;;;;;
1.20;;;;;ncr30_rl_11;CR30_RL_15R;;1;-1;22.35;ncr101_du_4;9057.49,1626.67 9040.29,1627.74 9032.40,1628.02 8963.07,1629.85 8955.88,1630.22 8948.20,1631.29 8942.43,1634.21 8938.48,1638.45 8936.59,1644.33 8935.82,1649.58 8935.44,1656.84 8935.20,1663.89 8932.54,1684.20;;;;;;;
1.20;;;;;i_cr30_101;CR30_RL_16;500.00;1;-1;22.35;ncr30_rl_12;8931.08,1621.05 8924.00,1623.21 8628.46,1623.96;;;;;;;
1.20;;;;;ncr30_rl_2;CR30_RL_2;100.00;4;11;17.88;i_cr30_gln;11155.45,1197.43 11096.81,1198.91 11029.91,1199.45;center;tram rail_urban rail rail_electric rail_fast ship cable_car subway;County Road 30;highway.secondary;0;origId;243595584
1.20;;;;;ncr30_rl_2;CR30_RL_2;100.00;4;11;17.88;i_cr30_gln;11155.45,1197.43 11096.81,1198.91 11029.91,1199.45;center;tram rail_urban rail rail_electric rail_fast ship cable_car subway;County Road 30;highway.secondary;1;origId;243595584
1.20;;;;;ncr30_rl_2;CR30_RL_2;100.00;4;11;17.88;i_cr30_gln;11155.45,1197.43 11096.81,1198.91 11029.91,1199.45;center;tram rail_urban rail rail_electric rail_fast ship cable_car subway;County Road 30;highway.secondary;2;origId;243595584
1.20;;;;;ncr30_rl_2;CR30_RL_2;100.00;4;11;17.88;i_cr30_gln;11155.45,1197.43 11096.81,1198.91 11029.91,1199.45;center;tram rail_urban rail rail_electric rail_fast ship cable_car subway;County Road 30;highway.secondary;3;origId;243595584
1.20;;;;;i_cr30_gln;CR30_RL_3;244.00;2;11;20.12;gneJ7;11012.02,1201.39 10939.46,1203.40 10918.71,1202.61 10897.70,1200.61 10864.52,1194.41 10841.79,1188.35 10796.90,1173.41;center;tram rail_urban rail rail_electric rail_fast ship cable_car subway;County Road 30;highway.secondary;0;origId;243595584
1.20;;;;;i_cr30_gln;CR30_RL_3;244.00;2;11;20.12;gneJ7;11012.02,1201.39 10939.46,1203.40 10918.71,1202.61 10897.70,1200.61 10864.52,1194.41 10841.79,1188.35 10796.90,1173.41;center;tram rail_urban rail rail_electric rail_fast ship cable_car subway;County Road 30;highway.secondary;1;origId;243595584
1.20;;;;;ncr30_rl_3;CR30_RL_4;100.00;4;11;20.12;i_cr30_lln;10613.19,1162.47 10589.90,1168.11 10566.46,1174.98 10530.16,1190.26 10495.11,1208.07;center;tram rail_urban rail rail_electric rail_fast ship cable_car subway;County Road 30;highway.secondary;0;origId;243595584
1.20;;;;;ncr30_rl_3;CR30_RL_4;100.00;4;11;20.12;i_cr30_lln;10613.19,1162.47 10589.90,1168.11 10566.46,1174.98 10530.16,1190.26 10495.11,1208.07;center;tram rail_urban rail rail_electric rail_fast ship cable_car subway;County Road 30;highway.secondary;1;origId;243595584
1.20;;;;;ncr30_rl_3;CR30_RL_4;100.00;4;11;20.12;i_cr30_lln;10613.19,1162.47 10589.90,1168.11 10566.46,1174.98 10530.16,1190.26 10495.11,1208.07;center;tram rail_urban rail rail_electric rail_fast ship cable_car subway;County Road 30;highway.secondary;2;origId;243595584
1.20;;;;;ncr30_rl_3;CR30_RL_4;100.00;4;11;20.12;i_cr30_lln;10613.19,1162.47 10589.90,1168.11 10566.46,1174.98 10530.16,1190.26 10495.11,1208.07;center;tram rail_urban rail rail_electric rail_fast ship cable_car subway;County Road 30;highway.secondary;3;origId;243595584
1.20;;;;;gneJ7;CR30_RL_4from3;200.00;2;11;20.12;ncr30_rl_3;10796.90,1173.41 10765.31,1164.79 10721.48,1157.66 10694.33,1155.73 10668.64,1155.73 10646.17,1157.42 10616.81,1161.59 10613.19,1162.47;center;tram rail_urban rail rail_electric rail_fast ship cable_car subway;County Road 30;highway.secondary;0;origId;243595584
1.20;;;;;gneJ7;CR30_RL_4from3;200.00;2;11;20.12;ncr30_rl_3;10796.90,1173.41 10765.31,1164.79 10721.48,1157.66 10694.33,1155.73 10668.64,1155.73 10646.17,1157.42 10616.81,1161.59 10613.19,1162.47;center;tram rail_urban rail rail_electric rail_fast ship cable_car subway;County Road 30;highway.secondary;1;origId;243595584
1.20;;;;;i_cr30_lln;CR30_RL_5;224.00;2;11;22.35;gneJ2;10495.27,1204.38 10475.28,1217.01 10460.22,1227.14 10384.58,1277.86 10336.61,1306.62 10305.79,1324.70;center;tram rail_urban rail rail_electric rail_fast ship cable_car subway;County Road 30;highway.secondary;0;origId;760579296
1.20;;;;;i_cr30_lln;CR30_RL_5;224.00;2;11;22.35;gneJ2;10495.27,1204.38 10475.28,1217.01 10460.22,1227.14 10384.58,1277.86 10336.61,1306.62 10305.79,1324.70;center;tram rail_urban rail rail_electric rail_fast ship cable_car subway;County Road 30;highway.secondary;1;origId;760579296
1.20;;;;;ncr30_rl_4;CR30_RL_6;100.00;3;11;22.35;i_cr30_pln;10219.68,1376.28 10119.64,1436.40;center;tram rail_urban rail rail_electric rail_fast ship cable_car subway;County Road 30;highway.secondary;0;origId;760579296
1.20;;;;;ncr30_rl_4;CR30_RL_6;100.00;3;11;22.35;i_cr30_pln;10219.68,1376.28 10119.64,1436.40;center;tram rail_urban rail rail_electric rail_fast ship cable_car subway;County Road 30;highway.secondary;1;origId;760579296
1.20;;;;;ncr30_rl_4;CR30_RL_6;100.00;3;11;22.35;i_cr30_pln;10219.68,1376.28 10119.64,1436.40;center;tram rail_urban rail rail_electric rail_fast ship cable_car subway;County Road 30;highway.secondary;2;origId;760579296
1.20;;;;;gneJ2;CR30_RL_6from5;;2;11;22.35;ncr30_rl_4;10305.79,1324.70 10251.22,1356.71 10219.68,1376.28;center;tram rail_urban rail rail_electric rail_fast ship cable_car subway;County Road 30;highway.secondary;0;origId;760579296
1.20;;;;;gneJ2;CR30_RL_6from5;;2;11;22.35;ncr30_rl_4;10305.79,1324.70 10251.22,1356.71 10219.68,1376.28;center;tram rail_urban rail rail_electric rail_fast ship cable_car subway;County Road 30;highway.secondary;1;origId;760579296
1.20;;;;;i_cr30_pln;CR30_RL_7;;2;11;22.35;ncr30_rl_5;10119.39,1438.16 9879.41,1585.43 9846.63,1601.23 9816.10,1612.71 9784.81,1618.81 9764.02,1620.19 9747.99,1620.48 9739.51,1620.67 9697.66,1622.44;center;tram rail_urban rail rail_electric rail_fast ship cable_car subway;County Road 30;highway.secondary;0;origId;756857197
1.20;;;;;i_cr30_pln;CR30_RL_7;;2;11;22.35;ncr30_rl_5;10119.39,1438.16 9879.41,1585.43 9846.63,1601.23 9816.10,1612.71 9784.81,1618.81 9764.02,1620.19 9747.99,1620.48 9739.51,1620.67 9697.66,1622.44;center;tram rail_urban rail rail_electric rail_fast ship cable_car subway;County Road 30;highway.secondary;1;origId;756857197
1.20;;;;;ncr30_rl_5;CR30_RL_8;100.00;3;11;22.35;i_cr30_tln;9697.66,1622.44 9681.97,1623.25 9667.77,1623.41 9647.20,1623.78 9602.46,1624.69 9593.68,1624.57;center;tram rail_urban rail rail_electric rail_fast ship cable_car subway;County Road 30;highway.secondary;0;origId;756857197
1.20;;;;;ncr30_rl_5;CR30_RL_8;100.00;3;11;22.35;i_cr30_tln;9697.66,1622.44 9681.97,1623.25 9667.77,1623.41 9647.20,1623.78 9602.46,1624.69 9593.68,1624.57;center;tram rail_urban rail rail_electric rail_fast ship cable_car subway;County Road 30;highway.secondary;1;origId;756857197
1.20;;;;;ncr30_rl_5;CR30_RL_8;100.00;3;11;22.35;i_cr30_tln;9697.66,1622.44 9681.97,1623.25 9667.77,1623.41 9647.20,1623.78 9602.46,1624.69 9593.68,1624.57;center;tram rail_urban rail rail_electric rail_fast ship cable_car subway;County Road 30;highway.secondary;2;origId;756857197
1.20;;;;;i_cr30_tln;CR30_RL_9;175.00;2;11;22.35;ncr30_rl_6;9584.96,1623.57 9492.62,1624.62 9443.26,1623.96 9434.97,1624.14 9404.75,1623.19;center;tram rail_urban rail rail_electric rail_fast ship cable_car subway;County Road 30;highway.secondary;0;origId;756857197
1.20;;;;;i_cr30_tln;CR30_RL_9;175.00;2;11;22.35;ncr30_rl_6;9584.96,1623.57 9492.62,1624.62 9443.26,1623.96 9434.97,1624.14 9404.75,1623.19;center;tram rail_urban rail rail_electric rail_fast ship cable_car subway;County Road 30;highway.secondary;1;origId;756857197
1.20;;;;;ngln_du_1;GLN_DU_1;;2;3;13.41;ngln_du_2;;center;tram rail_urban rail rail_electric rail_fast ship cable_car subway;Garland Lane North;highway.residential;0;origId;243595604
1.20;;;;;ngln_du_1;GLN_DU_1;;2;3;13.41;ngln_du_2;;center;tram rail_urban rail rail_electric rail_fast ship cable_car subway;Garland Lane North;highway.residential;1;origId;243595604
1.20;;;;;ngln_du_2;GLN_DU_2;100.00;3;-1;13.41;i_cr30_gln;11023.59,1076.21 11025.08,1176.34;center;;;;;;
1.20;;;;;i_cr30_gln;GLN_DU_3;135.00;1;3;13.41;gneJ6;11023.25,1208.41 11024.52,1356.67;center;tram rail_urban rail rail_electric rail_fast ship cable_car subway;Garland Lane North;highway.residential;0;origId;243595604
1.20;;;;;gneJ6;GLN_DU_4;;1;3;13.41;ngln_du_3;;center;tram rail_urban rail rail_electric rail_fast ship cable_car subway;Garland Lane North;highway.residential;0;origId;243595604
1.20;;;;;ngln_ud_1;GLN_UD_1;;2;-1;13.41;ngln_ud_2;11017.40,1452.62 11015.15,1313.78 11016.95,1309.82;center;;;;;;
1.20;;;;;ngln_ud_2;GLN_UD_2;100.00;3;3;13.41;i_cr30_gln;11016.95,1309.82 11016.53,1208.34;center;tram rail_urban rail rail_electric rail_fast ship cable_car subway;Garland Lane North;highway.residential;0;origId;243595607
1.20;;;;;ngln_ud_2;GLN_UD_2;100.00;3;3;13.41;i_cr30_gln;11016.95,1309.82 11016.53,1208.34;center;tram rail_urban rail rail_electric rail_fast ship cable_car subway;Garland Lane North;highway.residential;1;origId;243595607
1.20;;;;;ngln_ud_2;GLN_UD_2;100.00;3;3;13.41;i_cr30_gln;11016.95,1309.82 11016.53,1208.34;center;tram rail_urban rail rail_electric rail_fast ship cable_car subway;Garland Lane North;highway.residential;2;origId;243595607
1.20;;;;;i_cr30_gln;GLN_UD_3;135.00;2;3;13.41;gneJ5;11016.28,1182.78 11014.76,1055.67;center;tram rail_urban rail rail_electric rail_fast ship cable_car subway;Garland Lane North;highway.residential;0;origId;243595607
1.20;;;;;i_cr30_gln;GLN_UD_3;135.00;2;3;13.41;gneJ5;11016.28,1182.78 11014.76,1055.67;center;tram rail_urban rail rail_electric rail_fast ship cable_car subway;Garland Lane North;highway.residential;1;origId;243595607
1.20;;;;;gneJ5;GLN_UD_4;;2;3;13.41;ngln_ud_3;;center;tram rail_urban rail rail_electric rail_fast ship cable_car subway;Garland Lane North;highway.residential;0;origId;243595607
1.20;;;;;gneJ5;GLN_UD_4;;2;3;13.41;ngln_ud_3;;center;tram rail_urban rail rail_electric rail_fast ship cable_car subway;Garland Lane North;highway.residential;1;origId;243595607
1.20;;;;;nlln_du_1;LLN_DU_1;;1;-1;17.88;nlln_du_2;;;;;;;;
1.20;;;;;nlln_du_2;LLN_DU_2;100.00;2;-1;17.88;i_cr30_lln;10495.49,1087.63 10496.47,1183.98;center;;;;;;
1.20;;;;;i_cr30_lln;LLN_DU_3;224.00;1;-1;13.41;nlln_du_3;10493.15,1201.98 10497.82,1289.71 10499.04,1357.87 10499.08,1469.25;;;;;;;
1.20;;;;;nlln_ud_1;LLN_UD_1;;1;-1;13.41;nlln_ud_2;10497.87,1469.27 10497.27,1381.31 10496.99,1321.85 10494.11,1296.11;;;;;;;
1.20;;;;;nlln_ud_2;LLN_UD_2;100.00;2;-1;13.41;i_cr30_lln;10494.11,1296.11 10493.20,1276.89 10489.95,1202.03;center;;;;;;
1.20;;;;;i_cr30_lln;LLN_UD_3;224.00;1;-1;17.88;nlln_ud_3;10493.15,1201.98 10490.71,1134.08 10490.26,952.57;;;;;;;
1.20;;;;;npln;PLN_DU;;1;3;13.41;i_cr30_pln;10061.32,1344.34 10069.78,1351.84 10076.44,1360.68 10084.39,1373.65 10104.27,1407.46 10109.77,1417.21 10114.79,1423.34;;tram rail_urban rail rail_electric rail_fast ship cable_car subway;Peony Lane North;highway.residential;0;origId;6023364
1.20;;;;;i_cr30_pln;PLN_UD;;1;-1;27.00;npln;10114.79,1423.34 10109.85,1417.55 10104.27,1407.46 10084.39,1373.65 10076.44,1360.68 10069.78,1351.84 10061.32,1344.34;;tram rail_urban rail rail_electric rail_fast ship cable_car subway;Peony Lane North;highway.residential;0;origId;6023364
1.20;;;;;nqln;QLN_DU;;1;3;13.41;ncr30_lr_8;9934.22,1454.90 9937.42,1460.19 9956.95,1492.56 9966.01,1507.57 9970.11,1514.36;;tram rail_urban rail rail_electric rail_fast ship cable_car subway;Queensland Lane North;highway.residential;0;origId;6029280
1.20;;;;;ncr30_lr_8;QLN_UD;;1;-1;27.00;nqln;9970.11,1514.36 9966.01,1507.57 9956.95,1492.56 9937.42,1460.19 9934.22,1454.90;;tram rail_urban rail rail_electric rail_fast ship cable_car subway;Queensland Lane North;highway.residential;0;origId;6029280
1.20;;;;;i_cr30_tln;TLN_DU;100.00;1;3;13.41;gneJ3;9590.39,1630.22 9590.40,1636.18 9590.48,1648.81 9590.72,1659.70 9592.19,1664.34 9595.54,1668.04 9602.39,1673.88 9619.45,1687.85 9641.48,1706.07 9658.82,1720.63;;tram rail_urban rail rail_electric rail_fast ship cable_car subway;Troy Lane North;highway.residential;0;origId;235918142
1.20;;;;;gneJ3;TLN_DU_2;;1;3;13.41;ntln;9658.82,1720.63 9663.14,1725.48 9666.67,1730.74 9670.59,1738.48 9673.31,1748.71 9674.93,1758.54 9676.61,1773.94 9682.54,1817.75 9687.61,1839.56 9691.80,1851.23 9693.79,1856.16 9694.32,1861.27 9694.06,1868.42 9692.13,1878.50 9684.15,1890.40 9679.49,1909.36 9672.46,1923.38 9670.88,1935.85 9666.88,1952.88 9669.81,1968.32 9673.02,2012.14;;tram rail_urban rail rail_electric rail_fast ship cable_car subway;Troy Lane North;highway.residential;0;origId;235918142
1.20;;;;;ntln;TLN_UD_1;;1;3;13.41;gneJ8;9671.43,2012.33 9667.75,1968.17 9665.08,1952.83 9669.08,1935.64 9670.87,1922.87 9677.74,1908.43 9682.56,1889.32 9690.21,1877.74 9692.09,1867.72 9692.21,1860.89 9691.44,1856.30 9685.49,1840.54 9680.43,1818.15 9678.16,1805.28;center;tram rail_urban rail rail_electric rail_fast ship cable_car subway;Troy Lane North;highway.residential;0;origId;235918142
1.20;;;;;ntln_ud;TLN_UD_2;100.00;2;3;13.41;i_cr30_tln;9656.87,1722.21 9655.12,1719.11 9650.48,1714.57 9603.65,1675.01 9596.76,1669.42 9592.83,1665.15 9590.43,1660.02 9590.28,1642.18 9590.40,1636.18 9590.28,1630.04;;tram rail_urban rail rail_electric rail_fast ship cable_car subway;Troy Lane North;highway.residential;0;origId;235918142
1.20;;;;;ntln_ud;TLN_UD_2;100.00;2;3;13.41;i_cr30_tln;9656.87,1722.21 9655.12,1719.11 9650.48,1714.57 9603.65,1675.01 9596.76,1669.42 9592.83,1665.15 9590.43,1660.02 9590.28,1642.18 9590.40,1636.18 9590.28,1630.04;;tram rail_urban rail rail_electric rail_fast ship cable_car subway;Troy Lane North;highway.residential;1;origId;235918142
1.20;;;;;gneJ8;TLN_UD_2.1;224.00;1;3;13.41;ntln_ud;9678.16,1805.28 9674.35,1774.03 9672.81,1758.77 9670.31,1748.61 9667.34,1740.01 9664.19,1733.31 9659.78,1727.18 9656.87,1722.21;center;tram rail_urban rail rail_electric rail_fast ship cable_car subway;Troy Lane North;highway.residential;0;origId;235918142
1.20;;;;;nwcn;WCN_DU;;1;3;13.41;ncr30_lr_6;9382.27,1458.73 9368.61,1474.93 9362.07,1484.75 9356.71,1495.78 9354.43,1507.23 9351.55,1523.81 9349.16,1531.49 9345.03,1538.73 9339.01,1544.22 9306.22,1567.76 9301.99,1571.56 9299.03,1575.80 9297.26,1580.92 9296.74,1586.48 9297.39,1598.04 9298.26,1614.96;;tram rail_urban rail rail_electric rail_fast ship cable_car subway;Winslow Chase North;highway.residential;0;origId;6029365
1.20;;;;;ncr30_lr_6;WCN_UD;;1;-1;27.00;nwcn;9298.26,1614.96 9296.74,1586.48 9297.26,1580.92 9299.03,1575.80 9301.99,1571.56 9306.22,1567.76 9339.01,1544.22 9345.03,1538.73 9349.16,1531.49 9351.55,1523.81 9354.43,1507.23 9356.71,1495.78 9362.07,1484.75 9368.61,1474.93 9382.27,1458.73;;tram rail_urban rail rail_electric rail_fast ship cable_car subway;Winslow Chase North;highway.residential;0;origId;6029365
1.20;;;;;nzln;ZLN_DU;;1;3;13.41;ncr30_lr_4;9120.00,1531.18 9121.20,1534.61 9123.04,1540.16 9125.47,1549.81 9126.16,1559.58 9126.37,1607.04 9126.30,1615.25;;tram rail_urban rail rail_electric rail_fast ship cable_car subway;Zircon Lane North;highway.residential;0;origId;6031990
1.20;;;;;ncr30_lr_4;ZLN_UD;;1;-1;27.00;nzln;9126.30,1615.25 9126.16,1559.58 9125.47,1549.81 9123.04,1540.16 9121.20,1534.61 9120.00,1531.18;;tram rail_urban rail rail_electric rail_fast ship cable_car subway;Zircon Lane North;highway.residential;0;origId;6031990
1.20;;;;;ncr30_rl_7;gneE34;;1;-1;27.00;ncr30_lr_6;9310.55,1623.28 9299.52,1617.84 9298.26,1614.96;;;;;;;
1.20;;;;;ncr30_rl_9;gneE35;;1;-1;27.00;ncr30_lr_4;;;;;;;;
